TimeID,Date_int,relid,acomment,aattack,battack,acontrol,bcontrol,Ctrlcode,side_a,side_a_id,side_b,side_b_id,where_location,where_prec,dyad_id,dyad_name,uniq,relid2,year,active_year,coded_by,last_changed,code_status,approved_by,type_of_violence,comment_code,source_article,source_original,conflict_id,conflict_name,sides_comment,country,isocc,isonumber,gwno,region,adm1,adm2,lat,lon,geocomment,priogrid_gid,date_start,date_end,date_prec,event_type,deaths_a,deaths_b,civilian_deaths,unknown,best_est,high_est,low_est,deathsplit,original_text,geom,new,achallen,directed,dir_id
1,20000531,,,0,1,9,9,4,Government of Liberia,450,LURD,1360,"Voinjama town, Voinjama district, Lofa county",1,95,Government of Liberia - LURD,17644,LBR-2000-1-95-10,2000,1,LT,9/6/2011,clear,LT,1,,"TRC, Volume 2, Consolidated Final Report, 233",,146,Liberia,,Liberia,LBR,430,450,Africa,Lofa,Voinjama,8.421944,-9.747778,,141461,2000-05-01,2000-05-31,4,1,42,0,0,0,42,42,42,0,,0101000020E61000002A560DC2DC7E23C0A27C410B09D82040,1,0,0,17644
2,20010205,LBR-2001-1-95-1,,0,1,1,0,2,Government of Liberia,450,LURD,1360,"Lofa county (Boiwamei, Masizu and Turaszued, villages in)",4,95,Government of Liberia - LURD,17223,LBR-2001-1-95-1,2001,1,ST,7/29/2010,clear,RS,1,,"Reuters 2001-02-05 ""Liberia says dissidents launch fresh attack""",defence minister,146,Liberia,,Liberia,LBR,430,450,Africa,Lofa,,7.916667,-10,,140740,2001-02-02,2001-02-05,2,1,1,0,0,0,1,1,1,0,,0101000020E610000000000000000024C02C4A09C1AAAA1F40,0,0,0,17223
3,20010413,LBR-2001-1-95-4.2,,1,0,9,9,6,Government of Liberia,450,LURD,1360,"Foya town (villages around the town), Foya district, Lofa county ",2,95,Government of Liberia - LURD,16936,LBR-2001-1-95-4.2,2001,1,ST,7/29/2010,clear,RS,1,,"AP 2001-04-14 ""Liberia: 11 people killed in recent border clashes""",defense ministry,146,Liberia,,Liberia,LBR,430,450,Africa,Lofa,Foya,8.278611,-10.280556,,141460,2001-04-12,2001-04-13,2,3,1,0,5,0,6,6,6,1,,0101000020E6100000A6643909A58F24C0999CDA19A68E2040,0,0,0,16936
4,20010413,LBR-2001-1-95-4.1,"rebels attempting to repel gov. offensive, not clear if they were successful in repelling",1,0,9,9,6,Government of Liberia,450,LURD,1360,"Kolahun town (villages around), Kolahun district, Lofa county ",2,95,Government of Liberia - LURD,17154,LBR-2001-1-95-4.1,2001,1,ST,7/29/2010,clear,RS,1,,"AP 2001-04-14 ""Liberia: 11 people killed in recent border clashes""",defense ministry,146,Liberia,,Liberia,LBR,430,450,Africa,Lofa,Kolahun,8.286944,-10.084444,,141460,2001-04-12,2001-04-13,2,3,1,0,4,0,5,5,5,1,,0101000020E6100000D5AF743E3C2B24C01D91EF52EA922040,0,0,0,17154
5,20010416,LBR-2001-1-95-5,,0,1,1,0,2,Government of Liberia,450,LURD,1360,"Voinjama town, Voinjama district, Lofa county",1,95,Government of Liberia - LURD,17648,LBR-2001-1-95-5,2001,1,ST,7/29/2010,clear,RS,1,,"Reuters 2001-04-17 ""Liberian minister killed by dissidents in north""; 2001-04-19 ""Liberia launches probe into minister's killing"", AI 1 August 2001, ""Liberia: Killings, torture and rape continue in Lofa County"", 8",information ministry,146,Liberia,,Liberia,LBR,430,450,Africa,Lofa,Voinjama,8.421944,-9.747778,,141461,2001-04-16,2001-04-16,1,1,1,0,0,2,3,3,3,0,,0101000020E61000002A560DC2DC7E23C0A27C410B09D82040,0,0,0,17648
6,20010504,LBR-2001-1-95-7,gov on way to attack when ambushed,1,1,0,1,0,Government of Liberia,450,LURD,1360,northern Liberia (on the way to Vahun),5,95,Government of Liberia - LURD,17438,LBR-2001-1-95-7,2001,1,ST,7/29/2010,clear,RS,1,,"Reuters 2001-05-05 ""Liberia presents captured rebel major aged 16""",rebel fighter,146,Liberia,,Liberia,LBR,430,450,Africa,,,7.916667,-10,Northern Liberia is represented by the sentroid coordinates of Lofa county,140740,2001-04-04,2001-05-04,4,1,0,15,0,0,15,15,15,0,,0101000020E610000000000000000024C02C4A09C1AAAA1F40,0,0,0,17438
7,20010524,LBR-2001-1-95-9,,0,1,0,1,0,Government of Liberia,450,LURD,1360,"Zorzor town, Zorzor district, Lofa county",1,95,Government of Liberia - LURD,17688,LBR-2001-1-95-9,2001,1,ST,7/29/2010,clear,RS,1,,"Reuters 2001-05-25 ""Liberia threatens Guinea after battlefield losses""",Major-General Daniel Chea,146,Liberia,,Liberia,LBR,430,450,Africa,Lofa,Zorzor,7.779444,-9.430278,,140742,2001-05-24,2001-05-24,1,1,25,0,0,0,25,25,25,0,,0101000020E61000006760E4654DDC22C0F2406491261E1F40,0,0,0,17688
8,20011015,,,0,1,1,0,2,Government of Liberia,450,LURD,1360,Lofa county,4,95,Government of Liberia - LURD,17221,LBR-2001-1-95-21,2001,1,LT,8/19/2011,clear,LT,1,,"ICG 2002 ""Liberia: The Key To Ending Regional Instability"", p. 5f",,146,Liberia,RUF fighting alongside Taylor and Donso fighters alongside LURD,Liberia,LBR,430,450,Africa,Lofa,,7.916667,-10,,140740,2001-01-01,2001-10-15,0,2,0,0,0,200,200,200,200,0,,0101000020E610000000000000000024C02C4A09C1AAAA1F40,1,0,0,17221
9,20011204,LBR-2001-1-95-15,,1,0,1,0,3,Government of Liberia,450,LURD,1360,"Belleh Yalleh village, Belleh district, Lofa county",1,95,Government of Liberia - LURD,16798,LBR-2001-1-95-15,2001,1,ST,7/29/2010,clear,RS,1,,"Reuters 2001-12-04 ""Liberian forces take town from rebels, push north""",Defense Minister,146,Liberia,"""at least 600 RUF men, organised in four companies and a support unit, fight for Taylor in Loga against LURD and other armed groups. The RUF soldiers are mainly used as a counter-insurgency force in the bush, with thier main base at Camp Najama (where Liberian RUF fighters are trained) under the command of a Liberian Special Service Captain, Kissi Tamba Malin. (AC Vol 42 No 22, 2)",Liberia,LBR,430,450,Africa,Gbarpolu,Belleh,7.37639,-9.99833,From 2001 Belleh is part of Gbarpolu,140021,2001-12-04,2001-12-04,1,1,0,1,0,0,1,1,1,0,,0101000020E61000003A3B191C25FF23C06F2A52616C811D40,0,0,0,16798
10,20011213,LBR-2001-1-95-18,,1,0,1,0,3,Government of Liberia,450,LURD,1360,"Kolahun town, Kolahun district, Lofa county ",1,95,Government of Liberia - LURD,17157,LBR-2001-1-95-18,2001,1,ST,7/29/2010,clear,RS,1,,"Reuters 2001-12-14 ""Liberia says captures rebel base, ready to talk""",Defense Minister,146,Liberia,"""at least 600 RUF men, organised in four companies and a support unit, fight for Taylor in Loga against LURD and other armed groups. The RUF soldiers are mainly used as a counter-insurgency force in the bush, with thier main base at Camp Najama (where Liberian RUF fighters are trained) under the command of a Liberian Special Service Captain, Kissi Tamba Malin. (AC Vol 42 No 22, 2)",Liberia,LBR,430,450,Africa,Lofa,Kolahun,8.28694,-10.08444,,141460,2001-12-13,2001-12-13,1,1,0,0,0,74,74,74,74,0,,0101000020E6100000D0F23CB83B2B24C017D4B7CCE9922040,0,0,0,17157
11,20011225,LBR-2001-1-95-19.1,,1,0,1,0,3,Government of Liberia,450,LURD,1360,"Kolahun town, Kolahun district, Lofa county ",1,95,Government of Liberia - LURD,17158,LBR-2001-1-95-19.1,2001,1,ST,7/29/2010,clear,RS,1,,"AP 2001-12-27 ""Liberian troops capture one town, lose another in fighting with rebels, defense officials say """,defense officials,146,Liberia,"""at least 600 RUF men, organised in four companies and a support unit, fight for Taylor in Loga against LURD and other armed groups. The RUF soldiers are mainly used as a counter-insurgency force in the bush, with thier main base at Camp Najama (where Liberian RUF fighters are trained) under the command of a Liberian Special Service Captain, Kissi Tamba Malin. (AC Vol 42 No 22, 2)",Liberia,LBR,430,450,Africa,Lofa,Kolahun,8.28694,-10.08444,,141460,2001-12-25,2001-12-25,1,1,3,0,0,0,3,3,3,1,,0101000020E6100000D0F23CB83B2B24C017D4B7CCE9922040,0,0,0,17158
12,20011225,LBR-2001-1-95-19.2,,0,1,0,1,0,Government of Liberia,450,LURD,1360,"Voinjama town, Voinjama district, Lofa county",1,95,Government of Liberia - LURD,17649,LBR-2001-1-95-19.2,2001,1,ST,7/29/2010,clear,RS,1,,"AP 2001-12-27 ""Liberian troops capture one town, lose another in fighting with rebels, defense officials say """,defense officials,146,Liberia,"""at least 600 RUF men, organised in four companies and a support unit, fight for Taylor in Loga against LURD and other armed groups. The RUF soldiers are mainly used as a counter-insurgency force in the bush, with thier main base at Camp Najama (where Liberian RUF fighters are trained) under the command of a Liberian Special Service Captain, Kissi Tamba Malin. (AC Vol 42 No 22, 2)",Liberia,LBR,430,450,Africa,Lofa,Voinjama,8.421944,-9.747778,,141461,2001-12-25,2001-12-25,1,1,3,0,0,0,3,3,3,1,,0101000020E61000002A560DC2DC7E23C0A27C410B09D82040,0,0,0,17649
13,20020131,,,8,8,8,8,0,Government of Liberia,450,LURD,1360,Lofa county,4,95,Government of Liberia - LURD,17222,LBR-2002-1-95-24,2002,1,LT,9/19/2011,clear,LT,1,,TRC hearing Monrovia day 8,,146,Liberia,,Liberia,LBR,430,450,Africa,Lofa,,7.916667,-10,,140740,2002-01-01,2002-01-31,4,1,2,0,0,0,2,2,2,0,,0101000020E610000000000000000024C02C4A09C1AAAA1F40,1,0,0,17222
14,20020131,,,8,8,8,8,0,Government of Liberia,450,LURD,1360,"Voinjama town, Voinjama district, Lofa county",1,95,Government of Liberia - LURD,17650,LBR-2002-1-95-25,2002,1,LT,9/19/2011,clear,LT,1,,TRC hearing Monrovia day 8,,146,Liberia,,Liberia,LBR,430,450,Africa,Lofa,Voinjama,8.421944,-9.747778,,141461,2002-01-01,2002-01-31,4,1,0,2,0,0,2,2,2,0,,0101000020E61000002A560DC2DC7E23C0A27C410B09D82040,1,0,0,17650
15,20020207,LBR-2002-3-1360-1,,1,0,9,9,6,Government of Liberia,450,LURD,1360,"Klay town, Klay district, Bomi county",1,95,Government of Liberia - LURD,17148,LBR-2002-1-95-26,2002,1,ST,7/29/2010,clear,RS,1,,"AP 2002-02-09 ""Liberian Town Abandoned After Attack""
Source 2
Agence France-Presse 2002-02-10 ""Thousands of Liberians flee renewed fighting, head for capital [Corrected 02/10/02]""",Defense Minister Daniel Chea ,146,Liberia,,Liberia,LBR,430,450,Africa,Bomi,Klay,6.694194,-10.87444,"Klay, Kley, Kle; the town is situated at a junction and it is most likely that Klay junction (as reported here) is simply another name for Klay. ",139299,2002-02-07,2002-02-07,1,1,0,0,15,0,15,15,15,0,,0101000020E6100000E4A08499B6BF25C05551BCCADAC61A40,0,0,0,17148
16,20020327,LBR-2002-1-95-4,,0,1,9,9,4,Government of Liberia,450,LURD,1360,"Suehn town, Klay district, Bomi county",1,95,Government of Liberia - LURD,17567,LBR-2002-1-95-4,2002,1,ST,7/29/2010,clear,LT,1,,"Reuters News 2002-03-28 ""Fighting flares in Liberia."" 
Source2:
AP Online 2002-03-28 ""Liberian Rebels Battle Troops""",military sources,146,Liberia,,Liberia,LBR,430,450,Africa,Bomi,Klay,6.617222,-10.706667,,139299,2002-03-27,2002-03-27,1,1,0,0,24,0,24,24,24,0,,0101000020E61000002A53CC41D06925C0A27C410B09781A40,0,0,0,17567
17,20020403,LBR-2002-1-95-5,,1,0,1,0,3,Government of Liberia,450,LURD,1360,"Kakata town, Kakata district, Margibi county",1,95,Government of Liberia - LURD,17116,LBR-2002-1-95-5,2002,1,ST,7/29/2010,clear,RS,1,,"Reuters News 2002-04-03 ""UPDATE 2-Liberia fights rebels on key road to capital."", AP 3/4-02, ""Rebels attack town northeast of Monrovia, causing residents to flee""","Saye Zotaa, commander in the army",146,Liberia,,Liberia,LBR,430,450,Africa,Margibi,Kakata,6.53,-10.351667,,139300,2002-04-03,2002-04-03,1,1,0,3,0,0,3,3,3,0,,0101000020E6100000352A70B20DB424C01F85EB51B81E1A40,0,0,0,17116
18,20020513,LBR-2002-1-95-10,rebels headed towards their stronghold when ambushed,0,1,1,0,2,Government of Liberia,450,LURD,1360,"Gbarnga town (north of), Jorquelleh district, Bong county",2,95,Government of Liberia - LURD,16977,LBR-2002-1-95-10,2002,1,ST,7/29/2010,clear,RS,1,,"Reuters News 2002-05-14 ""Liberian capital tense as rebels edge closer.""",,146,Liberia,,Liberia,LBR,430,450,Africa,Bong,Jorquelleh,6.995556,-9.472222,,139302,2002-05-13,2002-05-13,1,1,0,66,0,0,66,66,66,0,,0101000020E610000047E7FC14C7F122C0A758350873FB1B40,0,0,0,16977
19,20020516,LBR-2002-1-95-11,both sides claim control,9,9,0,0,5,Government of Liberia,450,LURD,1360,"Gbarnga town, Jorquelleh district, Bong county",1,95,Government of Liberia - LURD,16998,LBR-2002-1-95-11,2002,1,ST,7/29/2010,clear,RS,1,,"Reuters News 2002-05-16 ""Liberian forces say retake strategic town.""",Colonel Roland Duo ,146,Liberia,,Liberia,LBR,430,450,Africa,Bong,Jorquelleh,6.995556,-9.472222,,139302,2002-05-16,2002-05-16,1,1,0,0,0,101,101,101,0,0,,0101000020E610000047E7FC14C7F122C0A758350873FB1B40,0,0,0,16998
20,20020610,,,8,8,8,8,0,Government of Liberia,450,LURD,1360,"Lofa Bridge, Golakonneh District, Grand Cape Mount county",1,95,Government of Liberia - LURD,17210,LBR-2002-1-95-27,2002,1,LT,10/17/2011,clear,LT,1,,"Brabazon, ""My friend the mercenary"", 65",,146,Liberia,,Liberia,LBR,430,450,Africa,Grand Cape Mount,Golakonneh ,7.0747222,-10.8777778,,140019,2002-06-08,2002-06-10,2,1,0,7,0,0,7,7,7,0,,0101000020E6100000464F80176CC125C00424F5F9834C1C40,1,0,0,17210
21,20020617,LBR-2002-1-95-14,,0,1,9,9,4,Government of Liberia,450,LURD,1360,"Gbah town (near; 40 kilometres from Monrovia), Klay district, Bomi County",3,95,Government of Liberia - LURD,16961,LBR-2002-1-95-14,2002,1,ST,7/29/2010,clear,LT,1,,"Agence France-Presse 2002-06-18 ""Six killed in rebel ambushes near Liberian capital"", AFP 19/6-02, ""Liberian defence minister denies soldiers killed in rebel ambush"" ",Witnesses ,146,Liberia,,Liberia,LBR,430,450,Africa,Bomi,Klay,6.694167,-10.874444,"Ghah town in Bomi located 43 km northwest of Liberia's capital;  a key town located on a highway leading to neighboring Sierra Leone. This places it in Klay district. Coordinates for Klay district not found in gazeteers, but in Wikipedia's geo hack. ",139299,2002-06-17,2002-06-17,1,1,2,0,4,0,6,6,6,0,,0101000020E6100000EA5DBC1FB7BF25C088D9CBB6D3C61A40,0,0,0,16961
22,20020620,LBR-2002-1-95-16,rebels attacked and kidnapped nurses to take to their stronghold,0,1,1,0,2,Government of Liberia,450,LURD,1360,"Sinje town (refugee camp in), Grawula district, Grand Cape Mount county",1,95,Government of Liberia - LURD,17539,LBR-2002-1-95-16,2002,1,ST,7/29/2010,clear,LT,1,,"AP Online 2002-06-21 ""4 Killed in Liberia Rebel Attack""",officials and the U.N. refugee agency,146,Liberia,,Liberia,LBR,430,450,Africa,Grand Cape Mount,Garwula,6.815833,-11.135833,,139298,2002-06-20,2002-06-20,1,1,2,0,1,0,3,3,3,0,,0101000020E6100000656F29E78B4526C082FDD7B969431B40,0,0,0,17539
23,20020703,,,8,8,8,8,0,Government of Liberia,450,LURD,1360,"Tubmanburg town (near), Klay district Bomi county",1,95,Government of Liberia - LURD,17592,LBR-2002-1-95-29,2002,1,LT,10/17/2011,clear,LT,1,,"Brabazon, ""My friend the mercenary"", 120",,146,Liberia,,Liberia,LBR,430,450,Africa,Bomi,Klay,6.870833,-10.817222,also known as Bomi and formerly known as Vaitown,139299,2002-07-03,2002-07-03,1,1,1,0,0,0,1,1,1,0,,0101000020E6100000B72407EC6AA225C03B1C5DA5BB7B1B40,1,0,0,17592
24,20020703,LBR-2002-1-95-17,,9,9,9,9,5,Government of Liberia,450,LURD,1360,"Tubmanburg town, Klay district Bomi county",1,95,Government of Liberia - LURD,17612,LBR-2002-1-95-17,2002,1,ST,7/29/2010,clear,RS,1,,"All Africa 2002-07-03 ""Blind Refugees Resurface.""","James Brabazon, from the photojournalism agency Camerapix",146,Liberia,,Liberia,LBR,430,450,Africa,Bomi,Klay,6.870833,-10.817222,also known as Bomi and formerly known as Vaitown,139299,2002-06-26,2002-07-03,4,1,0,0,1,0,1,1,1,0,,0101000020E6100000B72407EC6AA225C03B1C5DA5BB7B1B40,0,0,0,17612
25,20020705,,,8,8,8,8,0,Government of Liberia,450,LURD,1360,"Tubmanburg town, Klay district Bomi county",1,95,Government of Liberia - LURD,17614,LBR-2002-1-95-30,2002,1,LT,10/17/2011,clear,LT,1,,"Brabazon, ""My friend the mercenary"", 129ff",,146,Liberia,,Liberia,LBR,430,450,Africa,Bomi,Klay,6.870833,-10.817222,also known as Bomi and formerly known as Vaitown,139299,2002-07-05,2002-07-05,1,1,1,4,0,0,5,5,5,0,,0101000020E6100000B72407EC6AA225C03B1C5DA5BB7B1B40,1,0,0,17614
26,20020708,LBR-2002-1-95-18,,1,0,9,9,6,Government of Liberia,450,LURD,1360,"Tubmanburg town, Klay district Bomi county",1,95,Government of Liberia - LURD,17615,LBR-2002-1-95-18,2002,1,ST,7/29/2010,clear,RS,1,,"All Africa 2002-07-09 ""In the Battle for Tubmanburg - Taylor Pronounces 72-Hour Takeover ... Warns Against Strange Men.""",American journalist Jim Brabison,146,Liberia,,Liberia,LBR,430,450,Africa,Bomi,Klay,6.870833,-10.817222,also known as Bomi and formerly known as Vaitown,139299,2002-07-08,2002-07-08,1,1,1,4,0,0,5,5,5,0,,0101000020E6100000B72407EC6AA225C03B1C5DA5BB7B1B40,0,0,0,17615
27,20020718,,,8,8,8,8,0,Government of Liberia,450,LURD,1360,"Tubmanburg town, Klay district Bomi county",1,95,Government of Liberia - LURD,17616,LBR-2002-1-95-31,2002,1,LT,10/17/2011,clear,LT,1,,"Brabazon, ""My friend the mercenary"", 141-161",,146,Liberia,"While the dead rebel was a former RUF fighter and the ones killing him were former Kamajors, they should be viewed as having been recruited into the Atu and LURD respectively, since the Sierra Leone disarmament campaign ended in january 2002 and the two groups no longer formally existed. ",Liberia,LBR,430,450,Africa,Bomi,Klay,6.870833,-10.817222,also known as Bomi and formerly known as Vaitown,139299,2002-07-10,2002-07-18,4,1,1,1,0,0,2,2,2,0,,0101000020E6100000B72407EC6AA225C03B1C5DA5BB7B1B40,1,0,0,17616
28,20020718,,,8,8,8,8,0,Government of Liberia,450,LURD,1360,"Tubmanburg town, Klay district Bomi county",1,95,Government of Liberia - LURD,17617,LBR-2002-1-95-32,2002,1,LT,10/17/2011,clear,LT,1,,"Brabazon, ""My friend the mercenary"", 160",,146,Liberia,,Liberia,LBR,430,450,Africa,Bomi,Klay,6.870833,-10.817222,also known as Bomi and formerly known as Vaitown,139299,2002-07-10,2002-07-18,0,2,2,0,0,0,2,2,2,0,,0101000020E6100000B72407EC6AA225C03B1C5DA5BB7B1B40,1,0,0,17617
29,20020815,,,8,8,8,8,0,Government of Liberia,450,LURD,1360,"Voinjama town, Voinjama district, Lofa county",1,95,Government of Liberia - LURD,17652,LBR-2002-1-95-20.1,2002,1,ST,7/29/2010,clear,LT,1,,"Reuters News 2002-08-15 ""UPDATE 1-Liberia says rebels driven from strongholds.""",Defence Minister Daniel Chea ,146,Liberia,,Liberia,LBR,430,450,Africa,Lofa,Voinjama,8.421944,-9.747778,,141461,2002-08-12,2002-08-15,2,1,0,0,0,3,3,3,3,1,,0101000020E61000002A560DC2DC7E23C0A27C410B09D82040,1,0,0,17652
30,20020815,,,8,8,8,8,0,Government of Liberia,450,LURD,1360,"Zorzor town, Zorzor district, Lofa county",1,95,Government of Liberia - LURD,17689,LBR-2002-1-95-20.2,2002,1,ST,7/29/2010,clear,LT,1,,"Reuters News 2002-08-15 ""UPDATE 1-Liberia says rebels driven from strongholds.""",Defence Minister Daniel Chea ,146,Liberia,,Liberia,LBR,430,450,Africa,Lofa,Zorzor,7.779444,-9.430278,,140742,2002-08-12,2002-08-15,2,1,0,0,0,3,3,3,3,1,,0101000020E61000006760E4654DDC22C0F2406491261E1F40,1,0,0,17689
31,20021130,,,8,8,8,8,0,Government of Liberia,450,LURD,1360,"Voinjama town, Voinjama district, Lofa county",1,95,Government of Liberia - LURD,17651,LBR-2002-1-95-33,2002,1,LT,10/17/2011,clear,LT,1,,"Brabazon, ""My friend the mercenary"", 211",,146,Liberia,,Liberia,LBR,430,450,Africa,Lofa,Voinjama,8.421944,-9.747778,,141461,2002-11-01,2002-11-30,4,1,1,0,0,0,1,1,1,0,,0101000020E61000002A560DC2DC7E23C0A27C410B09D82040,1,0,0,17651
32,20030205,LBR-2003-1-95-4,,9,9,0,1,0,Government of Liberia,450,LURD,1360,"Tubmanburg town, Klay district Bomi county",1,95,Government of Liberia - LURD,17619,LBR-2003-1-95-4,2003,1,ST,7/29/2010,clear,RS,1,,"Agence France-Presse 2003-02-05 ""Panic grips Liberia after rebels encircle capital and issue ultimatum by Terence Sesay""",Defence Minister Daniel Chea ,146,Liberia,,Liberia,LBR,430,450,Africa,Bomi,Klay,6.870833,-10.817222,also known as Bomi and formerly known as Vaitown,139299,2003-02-05,2003-02-05,1,1,6,2,0,0,8,8,8,0,,0101000020E6100000B72407EC6AA225C03B1C5DA5BB7B1B40,0,0,0,17619
33,20030321,,,0,1,1,0,2,Government of Liberia,450,LURD,1360,"Gbarnga town, Jorquelleh district, Bong county",1,95,Government of Liberia - LURD,16999,LBR-2003-1-95-31,2003,1,LT,8/31/2011,clear,LT,1,,"Reuters 21/3-03, ""Liberian rebels hit Taylor stronghold, scores dead""",Defence Minister Daniel Chea ,146,Liberia,,Liberia,LBR,430,450,Africa,Bong,Jorquelleh,6.995556,-9.472222,,139302,2003-03-21,2003-03-21,1,1,0,0,40,0,40,40,40,0,,0101000020E610000047E7FC14C7F122C0A758350873FB1B40,1,0,0,16999
34,20030329,LBR-2003-1-95-5,,0,1,9,9,4,Government of Liberia,450,LURD,1360,"Ganta town, Sanniquelleh-Mahn district, Nimba county",1,95,Government of Liberia - LURD,16954,LBR-2003-1-95-5,2003,1,ST,7/29/2010,clear,RS,1,,"All Africa 2003-03-31 ""Rebels Attack Ganta, Senior Commander Wounded"", ICG Africa Report, 30 April 2003, ""Tackling Liberia: The Eye of the Regional Storm"", 8",Defense Minister Daniel Chea ,146,Liberia,,Liberia,LBR,430,450,Africa,Nimba,Sanniquellie Mahn,7.235,-8.984444,,140023,2003-03-29,2003-03-29,1,1,1,0,0,3,4,4,4,0,,0101000020E6100000A27C410B09F821C0713D0AD7A3F01C40,0,0,0,16954
35,20030610,,,0,1,1,0,2,Government of Liberia,450,LURD,1360,"Monrovia city (outskirts), Greater Monrovia district, Montserrado county",1,95,Government of Liberia - LURD,17310,LBR-2003-1-95-32,2003,1,LT,9/21/2011,clear,LT,1,,"AP 10/6-03, ""Liberian government says it is ready to resume peace talks with advancing rebels""
",Defense Minister Daniel Chea ,146,Liberia,,Liberia,LBR,430,450,Africa,Montserrado,Greater Monrovia,6.310556,-10.804722,,138579,2003-06-04,2003-06-10,0,2,25,0,40,0,65,65,65,0,,0101000020E610000051BEA085049C25C06A4E5E64023E1940,1,0,0,17310
36,20030611,,,1,0,1,0,3,Government of Liberia,450,LURD,1360,"Monrovia (Saint Paul's bridge), Greater Monrovia district, Montserrado county",1,95,Government of Liberia - LURD,17260,LBR-2003-1-95-33,2003,1,LT,9/21/2011,clear,LT,1,,"AFP 11/6-03, ""Liberian government troops crow victory after truce agreement""",,146,Liberia,,Liberia,LBR,430,450,Africa,Montserrado,Greater Monrovia,6.310556,-10.804722,,138579,2003-06-04,2003-06-11,0,2,1,15,0,0,16,16,16,0,,0101000020E610000051BEA085049C25C06A4E5E64023E1940,1,0,0,17260
37,20030611,,,9,9,9,9,5,Government of Liberia,450,LURD,1360,"New Kru Town (suburb of Monrovia), Greater Monrovia district, Montserrado county ",1,95,Government of Liberia - LURD,17425,LBR-2003-1-95-34,2003,1,LT,9/21/2011,clear,LT,1,,"Reuters 13/6-03, ""At least 300 killed in Monrovia battle - minister""",Health Minister Peter Coleman ,146,Liberia,,Liberia,LBR,430,450,Africa,Montserrado,Greater Monrovia,6.36667,-10.78333,,138579,2003-06-04,2003-06-11,0,2,0,0,0,150,150,150,150,0,,0101000020E61000008CF337A1109125C081B2295778771940,1,0,0,17425
38,20030626,,,8,8,8,8,0,Government of Liberia,450,LURD,1360,"Monrovia city (north-esatern outskirts of), Greater Monrovia district, Montserrado county",2,95,Government of Liberia - LURD,17306,LBR-2003-1-95-38,2003,1,LT,10/17/2011,clear,LT,1,,"Brabazon, ""My friend the mercenary"", 275, text with picture on the photo page after 268",,146,Liberia,,Liberia,LBR,430,450,Africa,Montserrado,Greater Monrovia,6.310556,-10.804722,,138579,2003-06-26,2003-06-26,1,1,3,2,0,0,5,5,5,0,,0101000020E610000051BEA085049C25C06A4E5E64023E1940,1,0,0,17306
39,20030719,LBR-2003-1-95-11,,0,1,9,9,4,Government of Liberia,450,LURD,1360,"Monrovia city (Mamba Point area), Greater Monrovia district, Montserrado county",1,95,Government of Liberia - LURD,17297,LBR-2003-1-95-11,2003,1,ST,7/29/2010,clear,RS,1,,"BBC Monitoring Africa 2003-07-21 ""Shelling kills 20 in single explosion - private radio station damaged""
Source2:
Agence France Presse 2003-07-21 ""Nineteen civilians said killed in Liberian capital Monrovia""


",,146,Liberia,,Liberia,LBR,430,450,Africa,Montserrado,Greater Monrovia,6.310556,-10.804722,,138579,2003-07-19,2003-07-19,1,1,0,0,20,0,20,20,20,0,,0101000020E610000051BEA085049C25C06A4E5E64023E1940,0,0,0,17297
40,20030720,,,8,8,8,8,0,Government of Liberia,450,LURD,1360,"Monrovia city (Mamba Point area), Greater Monrovia district, Montserrado county",1,95,Government of Liberia - LURD,17298,LBR-2003-1-95-36,2003,1,LT,9/22/2011,clear,LT,1,,"Reuters 20/7-03, ""UPDATE 6-Troops battle rebels near heart of Monrovia""",witnesses,146,Liberia,,Liberia,LBR,430,450,Africa,Montserrado,Greater Monrovia,6.310556,-10.804722,,138579,2003-07-20,2003-07-20,1,1,0,0,5,0,5,5,5,0,,0101000020E610000051BEA085049C25C06A4E5E64023E1940,1,0,0,17298
41,20030722,,,8,8,8,8,0,Government of Liberia,450,LURD,1360,"Monrovia city (Mamba Point area), Greater Monrovia district, Montserrado county",1,95,Government of Liberia - LURD,17299,LBR-2003-1-95-37,2003,1,LT,9/22/2011,clear,LT,1,,"AFP 22/7-03, ""Liberian fighting rages as rebels refuse to sign ceasefire""",witnesses,146,Liberia,,Liberia,LBR,430,450,Africa,Montserrado,Greater Monrovia,6.310556,-10.804722,,138579,2003-07-22,2003-07-22,1,1,0,0,0,1,1,1,1,0,,0101000020E610000051BEA085049C25C06A4E5E64023E1940,1,0,0,17299
42,20030725,LBR-2003-1-95-12,,9,9,9,9,5,Government of Liberia,450,LURD,1360,"Monrovia city, Greater Monrovia district, Montserrado county",1,95,Government of Liberia - LURD,17389,LBR-2003-1-95-12,2003,1,ST,7/29/2010,clear,RS,1,,"Dow Jones International News 2003-07-25 ""26 Dead, 200 Hurt In Fri's Shelling In Liberia Capital"", HRW November 2003, ""Weapons Sanctions, Military Supplies, and Human Suffering: Illegal Arms Flows to Liberia and the June-July 2003 Shelling of Monrovia"", 11",,146,Liberia,,Liberia,LBR,430,450,Africa,Montserrado,Greater Monrovia,6.310556,-10.804722,,138579,2003-07-25,2003-07-25,1,1,0,0,26,0,26,26,26,0,,0101000020E610000051BEA085049C25C06A4E5E64023E1940,0,0,0,17389
43,20030726,LBR-2003-1-95-14,,9,9,9,9,5,Government of Liberia,450,LURD,1360,"Monrovia city, Greater Monrovia district, Montserrado county",1,95,Government of Liberia - LURD,17390,LBR-2003-1-95-14,2003,1,ST,7/29/2010,clear,RS,1,,"Xinhua News Agency 2003-07-26 ""3 killed in mortar attack on Monrovia's church"", Reuters 26/7-03, ""UPDATE 1-Mortar hits church in Monrovia, at least six dead"", Reuters 26/7-03, ""UPDATE 7-Taylor says ready to go as seven killed in Monrovia""","Michael Chea, the church's minister",146,Liberia,,Liberia,LBR,430,450,Africa,Montserrado,Greater Monrovia,6.310556,-10.804722,,138579,2003-07-26,2003-07-26,1,1,0,0,7,0,7,7,7,0,,0101000020E610000051BEA085049C25C06A4E5E64023E1940,0,0,0,17390
44,20030727,LBR-2003-1-95-16,,9,9,9,9,5,Government of Liberia,450,LURD,1360,"Monrovia city (city center), Greater Monrovia district, Montserrado county",1,95,Government of Liberia - LURD,17281,LBR-2003-1-95-16,2003,1,ST,7/29/2010,clear,RS,1,,"Reuters News 2003-07-27 ""UPDATE 6-Liberian rebels reject U.S. calls to withdraw""",,146,Liberia,,Liberia,LBR,430,450,Africa,Montserrado,Greater Monrovia,6.310556,-10.804722,,138579,2003-07-27,2003-07-27,1,1,0,0,13,0,13,13,13,0,,0101000020E610000051BEA085049C25C06A4E5E64023E1940,0,0,0,17281
45,20030728,LBR-2003-1-95-19,,1,1,9,9,0,Government of Liberia,450,LURD,1360,"Monrovia city (Via town), Greater Monrovia district, Montserrado county",1,95,Government of Liberia - LURD,17329,LBR-2003-1-95-19,2003,1,ST,7/29/2010,clear,RS,1,,"Agence France Presse 2003-07-28 ""Seven government troops killed, over 100 wounded in Monrovia fighting""",medical source ,146,Liberia,,Liberia,LBR,430,450,Africa,Montserrado,Greater Monrovia,6.310556,-10.804722,,138579,2003-07-27,2003-07-28,2,1,7,0,0,0,7,7,7,0,,0101000020E610000051BEA085049C25C06A4E5E64023E1940,0,0,0,17329
46,20030728,LBR-2003-1-95-17,,0,1,9,9,4,Government of Liberia,450,LURD,1360,"Monrovia city, Greater Monrovia district, Montserrado county",1,95,Government of Liberia - LURD,17391,LBR-2003-1-95-17,2003,1,ST,7/29/2010,clear,RS,1,,"Reuters News 2003-07-27 ""UPDATE 6-Liberian rebels reject U.S. calls to withdraw""",Aid workers,146,Liberia,,Liberia,LBR,430,450,Africa,Montserrado,Greater Monrovia,6.310556,-10.804722,,138579,2003-07-27,2003-07-28,2,1,0,0,2,0,2,2,2,0,,0101000020E610000051BEA085049C25C06A4E5E64023E1940,0,0,0,17391
47,20030730,,could be 9 9 as well,0,1,1,0,2,Government of Liberia,450,LURD,1360,"Monrovia city, Greater Monrovia district, Montserrado county",1,95,Government of Liberia - LURD,17386,LBR-2003-1-95-28,2003,1,LT,8/17/2011,clear,LT,1,,"HRW November 2003, ""Weapons Sanctions, Military Supplies, and Human Suffering: Illegal Arms Flows to Liberia and the June-July 2003 Shelling of Monrovia"", 6",,146,Liberia,,Liberia,LBR,430,450,Africa,Montserrado,Greater Monrovia,6.310556,-10.804722,,138579,2003-07-18,2003-07-30,0,2,0,0,0,0,809,806,809,0,,0101000020E610000051BEA085049C25C06A4E5E64023E1940,1,0,0,17386
48,20030730,LBR-2003-1-95-20,one-sided?,1,0,9,9,6,Government of Liberia,450,LURD,1360,"Monrovia city, Greater Monrovia district, Montserrado county",1,95,Government of Liberia - LURD,17392,LBR-2003-1-95-20,2003,1,ST,7/29/2010,clear,RS,1,,"AP Online 2003-07-30 ""Peacekeeper Advance Team Reaches Liberia""",aid workers ,146,Liberia,,Liberia,LBR,430,450,Africa,Montserrado,Greater Monrovia,6.310556,-10.804722,,138579,2003-07-30,2003-07-30,1,1,0,0,0,1,1,1,1,0,,0101000020E610000051BEA085049C25C06A4E5E64023E1940,0,0,0,17392
49,20030801,LBR-2003-1-95-21,,0,1,9,9,4,Government of Liberia,450,LURD,1360,"Monrovia city, Greater Monrovia district, Montserrado county",1,95,Government of Liberia - LURD,17393,LBR-2003-1-95-21,2003,1,ST,7/29/2010,clear,RS,1,,"AP Online 2003-08-01 ""Liberian President Taylor Leaves Monrovia""
Source2:
Reuters News 2003-08-01 ""Nine die in fighting in Liberia's capital-witness."" ",,146,Liberia,,Liberia,LBR,430,450,Africa,Montserrado,Greater Monrovia,6.310556,-10.804722,,138579,2003-08-01,2003-08-01,1,1,0,0,9,0,9,12,9,0,,0101000020E610000051BEA085049C25C06A4E5E64023E1940,0,0,0,17393
50,20030806,LBR-2003-1-95-22,,0,0,9,9,5,Government of Liberia,450,LURD,1360,"Monrovia city, Greater Monrovia district, Montserrado county",1,95,Government of Liberia - LURD,17394,LBR-2003-1-95-22,2003,1,ST,7/29/2010,clear,RS,1,,"Agence France Presse 2003-08-06 ""Four civilians killed in Monrovia despite ceasefire.""","Patrick Broh, a Liberian field coordinator for the relief agency Medecins sans Frontieres (MSF - Doctors Without Borders), ",146,Liberia,,Liberia,LBR,430,450,Africa,Montserrado,Greater Monrovia,6.310556,-10.804722,,138579,2003-08-06,2003-08-06,1,1,0,0,4,0,4,4,4,0,,0101000020E610000051BEA085049C25C06A4E5E64023E1940,0,0,0,17394
51,20030808,LBR-2003-1-95-23,,0,1,1,0,2,Government of Liberia,450,LURD,1360,"Buchanan town, District 3, Grand Bassa county",1,95,Government of Liberia - LURD,16859,LBR-2003-1-95-23,2003,1,ST,7/29/2010,clear,RS,1,,"Agence France Presse 2003-08-09 ""Situation tense as standoff continues in Liberia's second port city.""",General Solomon Moses,146,Liberia,,Liberia,LBR,430,450,Africa,Grand Bassa,District 3,5.880833,-10.046667,,137860,2003-08-08,2003-08-08,1,1,0,16,0,0,16,16,16,0,,0101000020E6100000D89AADBCE41724C045F30016F9851740,0,0,0,16859
52,20031001,,,1,0,1,0,3,Government of Liberia,450,LURD,1360,"Paynesville town (Suburb of Monrovia), Montserrado county",1,95,Government of Liberia - LURD,17461,LBR-2003-1-95-24,2003,1,LT,9/22/2011,clear,LT,1,,"AP 1/10-03, ""Rebel leader's motorcade comes under fire in first entry to Monrovia"", Reuters 1/10-03, ""Shooting mars U.N. peacekeepers' debut in Liberia"", AFP 2/10-03, ""Liberian president accuses rebels of coup attempt""
",witnesses,146,Liberia,,Liberia,LBR,430,450,Africa,Montserrado,Greater Monrovia,6.275556,-10.717778,Paynesville also called Red Light,138579,2003-10-01,2003-10-01,1,1,0,0,0,13,13,13,13,0,,0101000020E61000009A931799806F25C0C6DD205A2B1A1940,1,0,0,17461
53,20031121,LBR-2003-1-95-25,,1,0,0,1,0,Government of Liberia,450,LURD,1360,"Kpain (around), Saclepea district, Nimba County ",2,95,Government of Liberia - LURD,17172,LBR-2003-1-95-25,2003,1,ST,7/29/2010,clear,RS,1,,"All Africa 2003-11-21 ""LURD Rebels, Militias Clash in Kpain - Displaced Flee to Ganta""",,146,Liberia,,Liberia,LBR,430,450,Africa,Nimba,Saclepea,7.10306,-9.08194,Also spelled Kpein,140022,2003-11-21,2003-11-21,1,1,0,0,0,1,1,1,1,0,,0101000020E6100000EE77280AF42922C0611A868F88691C40,0,0,0,17172
